response_id,employee_id,department,level,submitted_date,q_pipeline_confidence,q_sql_literacy,q_etl_understanding,q_communicate_data,q_spreadsheet_skill,q_data_for_change,q_data_viz,q_when_to_adopt_ai,q_help_others_adopt,q_lead_change_mgmt,freq_ai_email,freq_ai_reports,freq_ai_code,freq_ai_review,primary_barrier
1,1,Management,5,2023-06-15,4,4,3,5,5,5,4,4,2,4,2,3,3,2,None
2,2,Sales,3,2023-06-15,3,2,4,4,3,4,3,4,3,3,4,2,4,1,Time pressure
3,3,Sales,3,2023-06-15,3,3,3,4,4,3,4,3,3,4,4,3,2,2,Unclear value
4,4,Administration,2,2023-06-15,2,3,4,3,3,3,2,3,2,2,2,3,1,1,Time pressure
5,5,Sales,3,2023-06-15,4,2,2,2,3,2,3,2,3,3,3,2,2,2,Unclear value
6,6,Sales,3,2023-06-15,3,3,3,3,4,3,3,4,3,4,3,3,1,2,Skill gap
7,7,Sales,3,2023-06-15,3,3,2,3,3,2,3,2,4,3,2,2,1,4,Skill gap
8,8,Accounting,3,2023-06-15,4,4,3,5,4,3,5,3,3,3,3,2,3,3,None
9,9,Accounting,2,2023-06-15,2,3,3,5,3,4,3,2,3,4,3,2,2,2,Data privacy
10,10,Accounting,3,2023-06-15,4,4,3,4,3,4,3,3,4,3,4,2,2,3,Trust in output
11,11,Human Resources,3,2023-06-15,4,3,3,3,3,2,2,3,3,3,4,2,1,1,Time pressure
12,12,Customer Service,2,2023-06-15,4,3,3,2,3,3,3,3,3,2,3,3,2,3,Skill gap
13,13,Supplier Relations,2,2023-06-15,3,2,2,3,3,2,3,3,3,3,2,3,2,3,Time pressure
14,14,Quality Assurance,2,2023-06-15,3,2,2,3,3,1,2,2,1,3,3,1,2,3,Unclear value
15,15,Warehouse,3,2023-06-15,3,2,2,3,3,3,3,2,2,2,3,2,2,3,Time pressure
16,16,Administration,1,2023-06-15,2,1,1,1,2,1,1,1,1,1,1,2,1,1,Trust in output
17,17,Warehouse,1,2023-06-15,1,1,1,1,1,1,1,1,1,1,1,1,1,1,Unclear value
18,18,Sales,2,2023-06-15,4,3,2,3,3,2,3,4,3,3,2,2,1,2,Skill gap
19,19,Human Resources,3,2023-06-15,2,2,3,4,4,3,2,3,3,3,3,3,1,3,Time pressure
20,20,Management,4,2023-06-15,3,3,3,3,3,4,4,2,2,3,4,2,2,3,Skill gap
21,21,Management,4,2023-06-15,3,2,3,3,4,3,2,3,3,2,2,3,2,2,Unclear value
22,22,Corporate,5,2023-06-15,4,3,3,4,5,4,3,4,4,5,3,4,3,3,Time pressure
23,23,Corporate,6,2023-06-15,5,4,4,5,5,5,4,5,5,4,4,4,3,4,None
24,24,Corporate,6,2023-06-15,5,5,3,4,5,4,5,5,5,5,5,5,3,4,None
25,25,Corporate,5,2023-06-15,5,4,5,5,5,5,4,5,5,5,5,3,5,5,Skill gap
26,26,Administration,2,2023-06-15,2,3,2,3,4,3,2,3,3,3,2,3,3,2,None
27,27,Warehouse,1,2023-06-15,2,2,1,1,2,2,1,2,1,1,1,2,1,1,Trust in output
28,28,Accounting,2,2023-06-15,4,2,3,4,4,3,3,3,3,2,3,2,1,4,Skill gap
29,29,Human Resources,3,2023-06-15,3,2,1,2,3,3,3,3,3,3,2,3,2,2,Unclear value
30,31,Administration,2,2023-06-15,1,1,1,2,3,3,1,2,2,2,2,1,1,2,Time pressure
31,32,Accounting,2,2023-06-15,2,2,2,2,3,2,2,2,3,2,1,2,1,1,Skill gap
32,33,Warehouse,1,2023-06-15,1,1,1,1,2,1,1,2,1,1,3,1,3,1,Time pressure
33,34,Human Resources,3,2023-06-15,3,3,2,4,3,1,3,2,2,3,2,3,3,4,Skill gap
34,35,Human Resources,3,2023-06-15,3,4,4,3,4,3,4,4,3,3,3,4,3,2,Skill gap
35,36,Human Resources,3,2023-06-15,3,2,2,2,1,3,2,3,2,3,2,3,2,1,Trust in output
36,37,Accounting,2,2023-06-15,2,2,2,2,3,1,2,3,2,2,2,2,2,1,Skill gap
37,38,Customer Service,2,2023-06-15,2,3,3,4,3,2,3,4,3,3,3,3,1,3,Skill gap
38,39,Sales,3,2023-06-15,4,4,3,3,3,2,4,3,3,3,3,3,4,2,Time pressure
39,40,Accounting,3,2023-06-15,3,3,4,4,4,4,3,4,2,4,4,4,1,4,Data privacy
40,41,Customer Service,2,2023-06-15,3,4,3,3,4,3,2,3,3,3,3,3,2,3,Data privacy
41,42,Accounting,2,2023-06-15,4,3,4,5,4,4,5,4,5,3,4,4,3,4,Time pressure
42,43,Human Resources,3,2023-06-15,2,3,2,3,4,3,3,3,2,3,4,2,2,4,Unclear value
43,44,Warehouse,1,2023-06-15,1,2,1,1,1,2,1,2,1,1,1,1,1,1,Unclear value
44,45,Sales,3,2023-06-15,3,3,3,4,4,2,2,3,3,2,3,3,2,2,Trust in output
45,46,Accounting,3,2023-06-15,4,2,4,3,4,4,3,1,3,2,3,2,2,2,Data privacy
46,47,Accounting,2,2023-06-15,2,3,2,3,2,3,3,2,2,3,3,2,1,1,Unclear value
47,48,Accounting,3,2023-06-15,2,3,3,3,4,3,3,3,3,3,3,4,3,2,Skill gap
48,49,Human Resources,3,2023-06-15,3,4,4,3,5,3,3,4,2,3,3,4,3,3,None
49,51,Customer Service,2,2023-06-15,4,3,3,4,4,4,4,4,1,3,4,4,1,2,Data privacy
50,52,Administration,2,2023-06-15,3,3,3,3,4,4,2,4,3,3,3,3,1,1,None
51,53,Administration,1,2023-06-15,1,1,3,3,3,3,3,3,1,2,2,2,1,2,Trust in output
52,54,Warehouse,1,2023-06-15,3,2,2,2,3,1,2,1,2,2,2,2,1,1,Skill gap
53,56,Customer Service,2,2023-06-15,3,3,3,3,4,2,2,2,3,2,3,4,1,2,Unclear value
54,57,Accounting,2,2023-06-15,3,3,3,4,4,4,4,4,3,4,4,3,2,2,Data privacy
55,58,Administration,2,2023-06-15,2,3,2,4,4,4,3,3,3,3,1,2,2,3,Skill gap
56,59,Human Resources,3,2023-06-15,3,2,3,3,4,3,3,2,3,3,3,3,1,3,Unclear value
57,60,Customer Service,2,2023-06-15,3,2,2,2,4,2,3,3,3,2,4,2,2,2,Trust in output
58,61,Sales,3,2023-06-15,3,2,3,4,3,4,4,3,3,3,3,3,2,3,Unclear value
59,62,Administration,1,2023-06-15,3,2,3,3,4,4,2,3,5,3,4,3,4,1,Time pressure
60,63,Customer Service,2,2023-06-15,1,1,1,2,2,2,2,1,4,3,1,2,1,3,Unclear value
61,64,Sales,2,2023-06-15,1,3,3,3,3,3,1,2,2,3,3,3,1,2,Skill gap
62,65,Human Resources,3,2023-06-15,3,4,2,2,4,3,5,3,3,3,2,1,1,3,None
63,66,Accounting,3,2023-06-15,4,4,4,4,5,3,3,4,3,4,3,3,1,3,None
64,67,Accounting,2,2023-06-15,4,4,4,4,3,4,5,3,3,3,2,1,2,3,Data privacy
65,68,Administration,2,2023-06-15,2,2,3,2,3,2,3,3,2,2,3,3,3,2,Data privacy
66,69,Sales,2,2023-06-15,2,2,2,3,2,2,2,3,1,1,1,2,1,2,Skill gap
67,70,Administration,1,2023-06-15,1,2,1,2,4,2,2,3,1,2,2,2,1,1,Skill gap
68,71,Administration,2,2023-06-15,2,1,2,2,1,2,2,2,2,2,2,1,1,2,Data privacy
69,72,Human Resources,3,2023-06-15,3,2,3,4,4,3,4,2,3,3,3,3,2,3,Unclear value
70,73,Administration,2,2023-06-15,3,2,3,3,4,3,2,4,2,3,2,2,2,2,Unclear value
71,74,Sales,3,2023-06-15,3,3,3,3,3,2,3,3,3,3,1,3,1,2,Unclear value
72,75,Customer Service,2,2023-06-15,2,2,2,3,3,3,2,3,2,2,3,2,1,2,Data privacy
73,76,Sales,2,2023-06-15,2,2,3,3,3,3,3,3,3,3,3,1,1,1,None
74,78,Sales,3,2023-06-15,2,1,2,2,4,2,3,3,3,2,2,2,1,3,Data privacy
75,80,Accounting,3,2023-06-15,3,4,2,4,3,2,3,3,3,4,2,3,1,2,Trust in output
76,81,Accounting,3,2023-06-15,3,3,3,4,4,4,3,3,2,2,3,2,2,2,Data privacy
77,82,Accounting,3,2023-06-15,3,4,3,5,4,4,3,4,5,3,3,3,3,3,Skill gap
78,83,Sales,3,2023-06-15,2,3,3,4,4,3,2,3,3,4,2,2,2,3,Unclear value
79,84,Sales,3,2023-06-15,4,5,4,5,5,4,4,5,3,4,3,3,3,5,None
80,85,Administration,1,2023-06-15,3,2,3,3,4,4,2,3,4,3,4,3,2,3,Unclear value
81,86,Sales,2,2023-06-15,1,3,1,3,3,3,3,4,2,2,2,3,1,3,None
82,87,Warehouse,3,2023-06-15,1,2,3,3,3,2,1,2,3,2,3,2,1,1,Trust in output
83,88,Warehouse,3,2023-06-15,3,1,2,3,2,3,3,3,3,3,3,2,1,3,Skill gap
84,89,Warehouse,1,2023-06-15,1,1,2,2,3,3,2,3,2,2,3,3,1,1,Time pressure
85,90,Warehouse,3,2023-06-15,2,3,2,3,3,2,2,4,2,2,3,2,1,2,Data privacy
86,91,Human Resources,3,2023-06-15,3,3,3,3,4,4,4,2,4,3,4,2,2,3,Time pressure
87,92,Sales,3,2023-06-15,2,3,2,2,3,2,2,2,2,1,2,3,1,1,Skill gap
88,93,Customer Service,2,2023-06-15,3,2,4,4,3,4,4,3,3,3,4,1,2,3,Skill gap
89,94,Sales,2,2023-06-15,3,3,2,4,4,4,3,4,4,3,3,3,1,3,Trust in output
90,95,Human Resources,3,2023-06-15,4,3,3,4,4,3,2,4,3,3,3,4,3,2,Time pressure
91,96,Customer Service,2,2023-06-15,3,3,3,3,4,4,2,4,3,3,4,3,1,2,Skill gap
92,97,Human Resources,3,2023-06-15,3,3,3,3,3,4,3,3,2,3,2,2,2,1,Skill gap
93,98,Customer Service,2,2023-06-15,2,2,2,4,3,3,3,3,3,3,3,2,1,2,Unclear value
94,99,Warehouse,3,2023-06-15,3,3,3,3,3,4,3,4,3,3,4,3,2,4,Skill gap
95,100,Human Resources,3,2023-06-15,4,4,3,4,4,5,4,4,4,5,3,4,4,2,Skill gap
96,101,Accounting,2,2023-06-15,3,2,4,3,5,4,2,4,4,4,4,4,3,1,Data privacy
97,102,Warehouse,1,2023-06-15,2,2,1,3,3,2,1,2,1,1,2,1,1,1,Trust in output
98,103,Warehouse,1,2023-06-15,2,1,1,1,1,1,1,1,1,1,2,2,1,1,Data privacy
99,104,Sales,3,2023-06-15,2,4,3,3,3,2,4,4,2,4,4,3,2,3,Unclear value
100,105,Human Resources,3,2023-06-15,4,2,3,2,4,4,3,4,3,3,4,2,1,3,Time pressure
101,106,Administration,1,2023-06-15,1,2,2,3,3,1,3,3,2,3,1,2,2,1,Unclear value
102,107,Customer Service,2,2023-06-15,3,3,2,2,4,2,3,3,2,3,3,2,2,1,Time pressure
103,108,Administration,1,2023-06-15,3,3,2,3,3,1,2,3,2,2,2,1,1,2,Skill gap
104,109,Sales,2,2023-06-15,3,3,4,5,4,4,4,5,3,4,5,4,2,4,None
105,110,Human Resources,3,2023-06-15,3,3,3,4,4,4,3,4,2,3,3,3,2,3,Trust in output
106,111,Sales,3,2023-06-15,3,2,2,3,3,4,3,2,3,2,3,3,1,2,Trust in output
107,112,Accounting,3,2023-06-15,4,3,3,4,5,4,4,3,4,4,4,4,3,4,None
108,113,Administration,2,2023-06-15,4,3,3,2,3,2,2,4,3,2,2,2,2,1,Data privacy
109,114,Customer Service,2,2023-06-15,4,3,2,3,4,4,2,4,3,3,4,3,2,3,Time pressure
110,115,Accounting,2,2023-06-15,4,4,5,3,5,4,3,5,5,5,5,5,3,4,Data privacy
111,116,Sales,3,2023-06-15,4,2,1,4,3,3,3,2,2,2,2,1,1,2,Skill gap
112,117,Accounting,2,2023-06-15,4,4,3,3,4,3,3,4,2,3,4,3,1,1,None
113,118,Human Resources,3,2023-06-15,3,2,3,3,4,3,3,3,3,4,3,3,3,5,Unclear value
114,119,Customer Service,2,2023-06-15,2,1,1,2,2,2,3,3,2,2,2,3,2,1,Data privacy
115,120,Administration,1,2023-06-15,1,2,1,2,3,2,1,1,2,2,1,1,1,1,Unclear value
116,121,Sales,2,2023-06-15,3,2,2,4,3,4,2,3,2,4,2,3,2,3,Trust in output
117,122,Customer Service,2,2023-06-15,2,3,1,2,4,2,2,3,3,3,3,3,2,2,Skill gap
118,123,Administration,2,2023-06-15,3,1,2,5,4,3,3,3,2,3,3,3,1,2,Unclear value
119,124,Accounting,2,2023-06-15,2,3,3,3,3,4,4,3,2,1,3,3,2,4,Unclear value
120,125,Customer Service,2,2023-06-15,2,1,3,2,2,2,2,2,2,2,2,3,1,1,Skill gap
121,126,Customer Service,2,2023-06-15,1,1,1,2,2,1,2,2,2,2,1,2,1,1,None
122,127,Administration,1,2023-06-15,3,2,2,3,3,3,2,3,2,2,3,2,1,1,Unclear value
123,128,Accounting,3,2023-06-15,3,2,3,4,3,4,3,3,2,4,5,5,3,5,Unclear value
124,129,Administration,2,2023-06-15,2,2,1,3,3,2,1,1,1,3,1,1,1,1,Unclear value
125,130,Accounting,2,2023-06-15,3,2,2,4,4,3,4,3,2,3,3,1,1,2,Unclear value
126,131,Warehouse,3,2023-06-15,3,2,2,2,3,4,2,4,3,1,3,4,2,1,Skill gap
127,132,Administration,1,2023-06-15,2,2,2,1,1,2,2,2,2,2,2,3,1,1,Time pressure
128,134,Warehouse,1,2023-06-15,1,1,2,2,2,2,1,2,1,2,1,1,1,1,Skill gap
129,135,Accounting,3,2023-06-15,2,3,2,3,4,5,4,3,2,3,1,2,2,3,Time pressure
130,136,Accounting,2,2023-06-15,4,4,4,5,4,5,3,3,4,4,4,3,2,4,Unclear value
131,137,Accounting,2,2023-06-15,3,2,2,2,3,3,2,3,3,3,3,1,1,2,Data privacy
132,138,Accounting,2,2023-06-15,5,4,3,4,5,3,4,3,5,4,4,4,3,3,Skill gap
133,139,Administration,2,2023-06-15,2,2,3,3,4,4,3,2,2,3,3,3,1,2,Unclear value
134,140,Sales,2,2023-06-15,3,3,3,4,3,3,3,4,3,3,3,4,3,2,Time pressure
135,141,Warehouse,3,2023-06-15,2,2,2,3,2,2,2,3,3,2,2,2,1,1,Time pressure
136,142,Customer Service,2,2023-06-15,2,1,2,2,2,2,2,3,1,1,3,1,1,1,Skill gap
137,143,Customer Service,2,2023-06-15,3,1,2,2,3,2,3,2,2,2,3,2,3,1,Trust in output
138,145,Warehouse,1,2023-06-15,1,1,1,2,3,2,1,1,2,2,3,2,1,1,Data privacy
139,146,Customer Service,2,2023-06-15,3,4,4,4,4,3,3,3,3,3,2,2,2,2,Unclear value
140,147,Human Resources,3,2023-06-15,5,5,3,5,5,4,5,4,4,4,3,4,3,3,Skill gap
141,148,Warehouse,3,2023-06-15,2,1,2,3,2,2,3,2,2,3,2,2,1,1,Skill gap
142,149,Administration,2,2023-06-15,2,2,2,3,2,3,2,3,2,2,3,3,1,2,Trust in output
143,151,Warehouse,3,2023-06-15,3,2,3,4,3,4,2,3,3,4,3,3,1,2,Unclear value
144,152,Human Resources,3,2023-06-15,3,2,3,2,3,3,2,2,2,4,3,2,2,2,Data privacy
145,154,Human Resources,3,2023-06-15,4,3,3,5,5,4,3,3,5,4,4,4,2,3,Trust in output
146,155,Warehouse,3,2023-06-15,2,1,1,2,2,2,2,2,1,1,2,1,1,1,Trust in output
147,157,Administration,2,2023-06-15,3,3,2,2,4,4,4,2,3,3,4,3,2,2,Skill gap
148,158,Administration,2,2023-06-15,3,2,2,2,3,3,1,4,2,2,3,1,2,2,Time pressure
149,159,Administration,2,2023-06-15,4,2,2,3,3,2,2,3,2,3,3,2,1,1,Skill gap
150,160,Human Resources,3,2023-06-15,2,2,3,3,2,3,3,3,2,2,2,3,2,2,None
151,161,Sales,2,2023-06-15,2,1,2,3,2,4,3,2,2,2,2,3,1,2,Skill gap
152,162,Warehouse,3,2023-06-15,2,3,3,4,3,3,2,3,2,2,3,3,1,2,Skill gap
153,163,Warehouse,1,2023-06-15,2,1,2,1,2,3,2,3,3,2,3,1,1,1,Data privacy
154,164,Warehouse,1,2023-06-15,1,1,2,1,1,1,2,2,1,2,1,1,1,1,Unclear value
155,165,Warehouse,3,2023-06-15,3,3,2,4,3,2,3,3,3,3,2,4,1,1,Time pressure
156,166,Administration,2,2023-06-15,2,2,2,2,3,3,2,3,3,2,2,2,1,3,Time pressure
157,167,Accounting,2,2023-06-15,2,3,2,2,4,3,3,3,3,3,2,2,3,1,Trust in output
158,168,Accounting,3,2023-06-15,2,2,2,3,4,3,2,3,2,3,2,2,2,2,Trust in output
159,169,Customer Service,2,2023-06-15,2,2,3,3,4,3,4,3,2,1,3,2,1,2,Trust in output
160,170,Accounting,2,2023-06-15,2,1,3,4,4,4,4,2,2,3,3,3,2,2,Time pressure
161,171,Customer Service,2,2023-06-15,2,1,3,2,2,1,2,2,2,3,1,2,1,3,Time pressure
162,172,Accounting,2,2023-06-15,3,4,3,5,3,3,3,3,4,4,3,4,2,3,Unclear value
163,173,Human Resources,3,2023-06-15,4,3,2,3,3,2,4,4,3,2,4,3,2,1,Data privacy
164,174,Sales,2,2023-06-15,3,2,2,2,2,2,3,3,2,3,3,3,1,1,Unclear value
165,175,Warehouse,1,2023-06-15,1,2,2,3,3,2,2,2,3,2,4,2,1,1,Data privacy
166,176,Customer Service,2,2023-06-15,3,3,2,3,2,2,3,3,3,2,3,3,2,1,Time pressure
167,177,Administration,2,2023-06-15,4,3,2,3,4,4,3,4,3,4,2,3,2,2,Skill gap
168,178,Human Resources,3,2023-06-15,4,3,3,3,4,4,3,3,4,3,3,2,2,3,Unclear value
169,181,Warehouse,1,2023-06-15,3,2,2,2,2,2,2,1,2,2,3,1,1,2,Unclear value
170,182,Accounting,3,2023-06-15,4,4,3,4,5,5,4,5,4,4,3,4,3,2,None
171,183,Accounting,2,2023-06-15,3,3,2,2,4,3,2,3,3,3,3,2,1,2,Time pressure
172,184,Sales,3,2023-06-15,2,3,3,3,3,3,3,3,3,3,4,3,2,1,None
173,186,Warehouse,1,2023-06-15,2,1,2,3,1,2,1,2,1,2,3,1,2,1,Unclear value
174,187,Human Resources,3,2023-06-15,3,3,3,3,4,4,2,4,3,3,3,4,3,4,Skill gap
175,188,Sales,2,2023-06-15,3,2,3,3,4,3,2,3,3,3,4,3,2,1,Trust in output
176,189,Sales,2,2023-06-15,4,2,1,3,4,2,2,2,2,2,3,2,1,2,Skill gap
177,190,Administration,1,2023-06-15,1,2,2,2,3,3,3,2,2,3,3,2,2,2,Trust in output
178,191,Sales,3,2023-06-15,4,5,3,5,5,4,5,5,3,4,4,3,2,3,Unclear value
179,192,Sales,3,2023-06-15,4,3,4,3,4,4,4,3,3,3,3,3,1,3,Unclear value
180,193,Customer Service,2,2023-06-15,2,2,3,2,2,3,2,2,2,2,2,2,1,2,Trust in output
181,194,Human Resources,3,2023-06-15,3,2,3,4,2,2,3,2,2,2,2,2,3,3,Skill gap
182,195,Customer Service,2,2023-06-15,3,2,2,3,4,3,3,2,2,2,2,2,1,2,Skill gap
183,196,Administration,1,2023-06-15,3,3,2,3,4,2,4,3,2,3,2,2,3,3,Unclear value
184,197,Warehouse,3,2023-06-15,1,1,3,2,3,2,2,2,2,3,3,3,2,1,Time pressure
185,198,Accounting,2,2023-06-15,2,1,3,3,3,3,2,2,2,3,3,1,2,3,None
186,199,Warehouse,3,2023-06-15,3,3,3,4,3,2,2,3,3,2,1,4,1,2,Skill gap
187,200,Warehouse,1,2023-06-15,3,2,1,1,3,2,2,3,4,2,2,1,1,2,Skill gap
188,201,Sales,3,2023-06-15,4,3,3,4,3,3,2,4,5,4,3,2,1,1,Time pressure
189,202,Human Resources,3,2023-06-15,4,4,4,5,5,5,4,4,4,5,3,4,4,4,None
190,203,Customer Service,2,2023-06-15,3,3,2,3,3,3,2,4,3,2,3,2,2,3,Skill gap
191,204,Customer Service,2,2023-06-15,3,2,3,3,4,2,2,3,4,3,2,3,1,2,Data privacy
192,205,Sales,3,2023-06-15,3,2,4,2,2,4,3,3,4,3,4,3,2,2,Trust in output
193,206,Accounting,2,2023-06-15,2,3,4,3,4,4,4,4,2,3,3,2,2,1,Skill gap
194,207,Accounting,3,2023-06-15,2,3,3,3,4,2,3,3,3,2,2,2,1,1,Unclear value
195,208,Sales,3,2023-06-15,3,2,3,3,3,3,3,3,3,3,3,1,2,1,Skill gap
196,209,Accounting,2,2023-06-15,5,3,4,3,4,4,3,3,4,4,3,2,2,3,None
197,211,Accounting,2,2023-06-15,3,3,3,4,3,3,4,2,3,3,4,3,3,3,Trust in output
198,212,Customer Service,2,2023-06-15,3,3,1,3,4,4,3,3,3,4,4,3,3,4,Skill gap
199,213,Warehouse,3,2023-06-15,1,1,1,2,2,2,3,2,2,2,2,2,2,1,Unclear value
200,214,Sales,2,2023-06-15,3,3,2,4,3,3,3,3,3,3,4,3,1,1,Unclear value
201,215,Accounting,3,2023-06-15,4,2,3,4,5,3,4,4,4,3,3,3,2,2,Skill gap
202,216,Warehouse,1,2023-06-15,2,1,2,3,1,2,2,2,1,2,2,1,1,1,None
203,217,Human Resources,3,2023-06-15,2,2,1,3,2,2,2,1,1,3,2,2,1,1,Time pressure
204,218,Sales,2,2023-06-15,4,4,3,4,5,4,5,4,4,4,5,3,2,2,Trust in output
205,219,Warehouse,3,2023-06-15,2,2,4,3,3,3,2,3,3,3,3,3,3,3,Data privacy
206,220,Accounting,3,2023-06-15,4,3,2,4,4,3,2,3,3,3,5,3,1,3,Skill gap
207,221,Administration,1,2023-06-15,2,1,1,2,2,2,1,2,2,2,2,2,1,1,Time pressure
208,222,Sales,3,2023-06-15,5,4,4,4,5,5,3,3,4,4,4,5,3,3,Unclear value
209,223,Customer Service,2,2023-06-15,2,1,2,2,2,2,1,2,2,2,1,2,2,1,Time pressure
210,224,Warehouse,3,2023-06-15,2,2,2,2,2,2,1,2,2,2,3,3,1,1,Skill gap
211,225,Warehouse,1,2023-06-15,1,2,1,2,2,2,2,2,1,2,2,1,1,1,Unclear value
212,226,Accounting,2,2023-06-15,3,3,3,4,4,3,3,3,3,3,3,3,1,2,Time pressure
213,227,Administration,1,2023-06-15,4,2,3,3,2,2,3,2,2,3,2,4,1,1,Skill gap
214,228,Sales,2,2023-06-15,2,1,1,4,3,2,2,2,3,3,2,2,2,3,Trust in output
215,229,Human Resources,3,2023-06-15,3,3,4,4,4,4,3,4,3,3,5,3,3,3,Skill gap
216,230,Administration,2,2023-06-15,3,2,2,2,3,3,3,4,3,3,3,3,2,2,Unclear value
217,231,Sales,2,2023-06-15,2,3,3,3,2,4,1,3,3,2,2,3,2,2,Trust in output
218,232,Customer Service,2,2023-06-15,2,4,3,2,3,4,3,4,2,3,3,4,2,1,Skill gap
219,233,Human Resources,3,2023-06-15,3,2,2,4,4,3,3,4,4,3,2,3,2,1,Time pressure
220,234,Customer Service,2,2023-06-15,1,1,2,2,2,2,3,2,1,2,1,2,1,1,Skill gap
221,235,Human Resources,3,2023-06-15,3,4,4,4,5,3,4,5,2,4,5,3,3,2,Skill gap
222,237,Accounting,2,2023-06-15,4,3,3,3,4,2,3,2,3,3,2,2,2,2,Skill gap
223,238,Sales,2,2023-06-15,3,1,2,4,3,4,1,2,3,2,2,2,1,2,Trust in output
224,239,Administration,2,2023-06-15,1,1,2,1,2,1,1,1,2,2,1,2,1,2,Trust in output
225,240,Customer Service,2,2023-06-15,2,2,1,1,2,1,1,1,1,1,1,1,1,1,Time pressure
226,242,Customer Service,2,2023-06-15,2,3,3,3,3,2,2,2,2,2,3,3,1,2,Data privacy
227,243,Administration,2,2023-06-15,2,2,1,3,3,3,2,3,2,3,2,3,2,1,Trust in output
228,244,Administration,2,2023-06-15,3,3,2,3,3,3,2,2,2,1,4,3,1,1,Skill gap
229,245,Human Resources,3,2023-06-15,2,2,3,3,4,2,3,3,2,3,3,2,2,1,Skill gap
230,246,Customer Service,2,2023-06-15,2,1,2,3,4,2,3,3,2,2,2,2,1,1,Unclear value
231,247,Warehouse,1,2023-06-15,1,1,2,2,3,1,1,1,2,3,2,3,1,1,Trust in output
232,248,Sales,3,2023-06-15,2,2,3,2,2,2,3,2,2,3,3,2,2,1,Skill gap
233,249,Sales,3,2023-06-15,4,3,3,4,4,2,3,4,4,3,3,3,1,3,Time pressure
234,250,Warehouse,1,2023-06-15,2,1,2,3,2,2,2,2,2,2,2,1,1,1,Data privacy
235,251,Sales,2,2023-06-15,4,2,3,3,2,2,2,3,3,3,4,2,1,2,Unclear value
236,252,Sales,2,2023-06-15,3,3,4,2,3,2,3,3,3,3,2,2,2,1,Unclear value
237,253,Customer Service,2,2023-06-15,3,2,3,2,3,2,2,3,2,2,2,3,1,1,Trust in output
238,254,Sales,3,2023-06-15,2,3,4,2,4,2,2,2,1,2,3,2,1,1,Unclear value
239,255,Accounting,2,2023-06-15,4,3,4,2,4,3,2,2,2,2,4,3,1,2,Skill gap
240,256,Human Resources,3,2023-06-15,4,3,3,3,4,3,3,3,3,2,3,2,2,3,Time pressure
241,257,Human Resources,3,2023-06-15,2,2,1,2,2,1,2,2,1,2,2,1,2,1,Unclear value
242,258,Customer Service,2,2023-06-15,4,2,3,4,4,4,3,2,3,4,2,2,1,3,Unclear value
243,259,Sales,2,2023-06-15,4,4,3,4,4,3,2,3,2,4,3,2,3,4,Skill gap
244,260,Sales,3,2023-06-15,3,2,2,3,2,2,1,2,2,2,2,3,1,1,Skill gap
245,261,Administration,1,2023-06-15,2,1,2,1,2,3,2,1,2,2,2,1,1,2,Unclear value
246,262,Warehouse,3,2023-06-15,5,4,4,5,4,4,3,5,4,3,3,5,3,4,Trust in output
247,263,Human Resources,3,2023-06-15,4,4,4,4,5,4,4,4,4,4,4,2,2,3,Unclear value
248,264,Human Resources,3,2023-06-15,3,2,4,4,4,3,3,4,3,3,4,4,1,2,Unclear value
249,265,Sales,2,2023-06-15,4,3,3,3,3,4,3,4,2,3,4,2,3,2,Unclear value
250,266,Accounting,2,2023-06-15,1,3,2,2,4,1,1,3,2,1,1,1,1,1,Time pressure
251,267,Accounting,3,2023-06-15,4,2,3,3,4,4,4,4,3,3,3,3,3,3,Time pressure
252,268,Customer Service,2,2023-06-15,3,2,3,2,3,3,4,2,3,3,4,3,3,3,None
253,269,Customer Service,2,2023-06-15,2,2,2,2,3,2,1,2,2,2,2,2,1,1,Skill gap
254,270,Warehouse,1,2023-06-15,1,2,1,2,3,3,2,2,3,3,2,1,2,2,Unclear value
255,271,Accounting,2,2023-06-15,3,4,3,4,4,4,4,3,4,3,4,3,2,3,Time pressure
256,272,Warehouse,1,2023-06-15,2,1,1,1,2,1,1,1,2,1,2,1,1,3,Skill gap
257,273,Administration,2,2023-06-15,3,2,2,3,4,2,2,3,2,3,4,1,1,2,Unclear value
258,274,Warehouse,1,2023-06-15,1,1,2,2,2,1,1,2,1,1,2,1,1,1,Data privacy
259,275,Administration,1,2023-06-15,2,2,3,3,3,2,2,2,2,2,2,3,2,1,Data privacy
260,276,Customer Service,2,2023-06-15,2,3,2,3,3,3,3,3,1,4,3,1,3,2,Skill gap
261,277,Warehouse,1,2023-06-15,1,1,2,2,4,1,2,1,2,1,1,2,1,1,Skill gap
262,278,Administration,2,2023-06-15,1,2,2,2,4,2,3,4,1,3,4,1,1,3,Skill gap
263,279,Sales,3,2023-06-15,4,4,4,4,4,4,3,3,4,4,4,2,1,4,Trust in output
264,280,Administration,1,2023-06-15,1,2,1,2,3,3,1,1,2,2,3,1,1,1,Skill gap
265,281,Customer Service,2,2023-06-15,3,2,3,3,4,4,3,4,2,3,3,2,2,2,Unclear value
266,282,Customer Service,2,2023-06-15,2,3,3,3,4,3,2,4,3,3,3,3,3,1,Time pressure
267,283,Customer Service,2,2023-06-15,3,2,4,4,3,3,3,2,4,2,3,3,1,2,Time pressure
268,284,Human Resources,3,2023-06-15,3,2,3,5,4,3,2,2,2,3,3,3,2,2,Trust in output
269,285,Warehouse,3,2023-06-15,2,3,2,4,3,3,3,2,1,1,1,2,1,1,Trust in output
270,286,Accounting,2,2023-06-15,2,2,2,3,5,3,3,2,3,4,2,3,1,3,Time pressure
271,287,Warehouse,1,2023-06-15,1,1,1,1,2,2,2,2,1,2,4,2,1,1,Skill gap
272,288,Customer Service,2,2023-06-15,1,2,3,2,3,3,1,2,1,2,1,2,1,1,Unclear value
273,289,Human Resources,3,2023-06-15,3,3,3,4,4,4,3,5,3,4,3,4,3,3,Time pressure
274,290,Sales,2,2023-06-15,2,3,3,1,2,2,2,2,2,2,2,3,1,1,Trust in output
275,291,Administration,2,2023-06-15,2,3,2,3,3,3,2,3,3,3,2,2,2,2,Skill gap
276,292,Sales,3,2023-06-15,4,3,2,4,3,5,3,5,3,5,4,2,3,2,None
277,293,Sales,2,2023-06-15,3,2,2,2,3,3,2,3,2,2,2,3,1,4,Data privacy
278,294,Customer Service,2,2023-06-15,2,2,1,3,3,3,3,4,2,3,3,2,1,2,Skill gap
279,295,Accounting,3,2023-06-15,3,2,2,3,2,3,2,3,3,3,3,4,2,2,Skill gap
280,296,Administration,2,2023-06-15,2,1,2,2,3,2,2,2,1,2,2,2,1,2,Skill gap
281,297,Customer Service,2,2023-06-15,2,3,3,4,4,5,3,3,3,3,4,2,3,3,Unclear value
282,298,Warehouse,3,2023-06-15,2,2,2,3,3,3,3,3,2,3,3,3,1,2,Trust in output
283,299,Administration,1,2023-06-15,4,2,2,2,4,3,2,2,3,3,3,2,1,3,Time pressure
284,300,Customer Service,2,2023-06-15,3,2,2,2,3,1,2,2,2,3,2,2,1,1,None
285,301,Sales,3,2023-06-15,2,3,2,3,4,1,2,2,2,3,3,3,2,2,Skill gap
286,302,Administration,1,2023-06-15,3,2,1,4,4,3,3,2,3,3,2,2,1,2,Trust in output
287,303,Customer Service,2,2023-06-15,3,2,3,2,4,2,2,2,2,3,3,1,1,2,Data privacy
288,304,Sales,2,2023-06-15,3,3,2,3,2,4,3,3,4,2,3,3,1,2,Trust in output
289,305,Warehouse,1,2023-06-15,2,2,3,3,4,2,4,3,2,2,3,3,1,1,Unclear value
290,306,Sales,3,2023-06-15,3,3,2,3,4,3,4,3,3,2,2,3,2,4,Unclear value
291,308,Human Resources,3,2023-06-15,2,1,2,3,3,2,2,3,2,3,2,3,1,1,Trust in output
292,309,Warehouse,3,2023-06-15,2,3,2,3,4,2,3,3,3,2,3,1,1,1,Time pressure
293,310,Accounting,2,2023-06-15,3,2,1,3,3,3,3,3,2,3,4,2,1,2,None
294,311,Human Resources,3,2023-06-15,2,3,4,3,5,4,2,4,3,4,3,3,3,2,Trust in output
295,312,Administration,2,2023-06-15,2,3,3,4,3,2,1,2,2,2,3,2,1,2,Time pressure
296,313,Warehouse,3,2023-06-15,2,2,4,2,3,2,2,2,3,3,2,4,2,1,Time pressure
297,314,Accounting,2,2023-06-15,3,2,4,4,4,4,4,3,3,4,3,2,1,3,None
298,315,Accounting,3,2023-06-15,4,4,3,3,5,4,3,4,4,3,3,3,2,3,None
299,316,Accounting,3,2023-06-15,3,3,3,2,4,3,4,2,3,4,3,1,2,4,Unclear value
300,318,Customer Service,2,2023-06-15,3,2,2,3,2,3,2,2,2,2,1,2,1,2,Trust in output
301,319,Customer Service,2,2023-06-15,3,3,3,5,4,4,2,2,3,3,4,3,3,3,Skill gap
302,320,Warehouse,1,2023-06-15,2,2,3,2,2,1,1,1,1,2,2,2,2,1,Time pressure
303,321,Warehouse,1,2023-06-15,2,1,2,3,3,2,2,3,1,2,3,1,1,1,Skill gap
304,322,Accounting,3,2023-06-15,4,4,3,4,4,3,4,2,4,3,3,2,2,2,Trust in output
305,323,Human Resources,3,2023-06-15,4,4,4,4,3,4,3,2,3,3,4,3,4,3,Skill gap
306,324,Customer Service,2,2023-06-15,3,3,3,3,3,2,2,3,1,2,3,2,2,2,Unclear value
307,326,Human Resources,3,2023-06-15,4,3,2,3,3,3,3,4,4,3,3,3,2,3,Skill gap
308,327,Administration,1,2023-06-15,1,1,1,2,3,2,2,2,1,2,1,3,1,1,Unclear value
309,328,Human Resources,3,2023-06-15,4,3,3,4,3,5,3,4,3,2,3,2,2,3,Skill gap
310,329,Accounting,2,2023-06-15,3,1,2,4,3,2,2,3,4,4,3,3,3,2,Data privacy
311,330,Customer Service,2,2023-06-15,2,3,3,3,3,3,3,3,3,3,3,2,1,3,Unclear value
312,331,Warehouse,3,2023-06-15,2,1,1,2,3,2,3,3,1,2,2,1,1,2,Skill gap
313,332,Customer Service,2,2023-06-15,3,3,4,4,3,3,2,4,2,3,2,3,2,3,None
314,333,Sales,2,2023-06-15,3,3,4,4,4,3,3,3,3,3,3,3,1,2,Unclear value
315,334,Accounting,3,2023-06-15,5,4,4,4,5,3,3,4,3,4,4,3,3,4,None
316,335,Human Resources,3,2023-06-15,2,3,3,4,3,4,2,2,3,4,3,3,1,4,Skill gap
317,337,Customer Service,2,2023-06-15,3,3,1,3,3,3,2,2,2,3,1,1,2,2,Data privacy
318,338,Accounting,2,2023-06-15,4,4,3,4,4,3,3,3,3,3,2,2,3,2,Trust in output
319,339,Accounting,3,2023-06-15,3,4,3,4,4,3,3,4,4,4,3,2,2,2,Trust in output
320,340,Warehouse,3,2023-06-15,3,2,2,3,4,2,3,3,2,2,3,2,1,3,Unclear value
321,341,Administration,1,2023-06-15,1,1,1,1,2,1,1,1,1,1,3,1,1,1,Skill gap
322,342,Customer Service,2,2023-06-15,2,3,1,3,3,3,2,4,2,2,2,2,2,3,Unclear value
323,343,Human Resources,3,2023-06-15,4,3,3,4,4,3,3,4,4,3,2,4,3,2,Unclear value
324,344,Warehouse,1,2023-06-15,2,3,2,1,2,2,2,3,2,2,3,1,2,1,Skill gap
325,345,Accounting,2,2023-06-15,1,3,2,3,4,3,3,2,2,1,3,2,3,3,Skill gap
326,346,Administration,1,2023-06-15,3,3,2,3,2,2,2,3,2,3,3,2,2,3,Skill gap
327,347,Administration,1,2023-06-15,2,2,1,2,2,2,2,2,1,2,1,2,3,2,Trust in output
328,348,Accounting,3,2023-06-15,4,3,2,3,4,3,3,3,2,3,3,2,2,2,Skill gap
329,349,Human Resources,3,2023-06-15,5,4,4,4,5,5,4,4,4,4,3,4,3,3,Data privacy
330,350,Administration,2,2023-06-15,2,3,3,3,4,3,3,3,2,4,3,3,1,3,Time pressure
331,351,Administration,1,2023-06-15,2,1,2,2,2,2,1,2,1,2,1,2,1,2,Unclear value
332,352,Human Resources,3,2023-06-15,3,3,2,3,4,4,3,4,4,3,4,2,1,3,Trust in output
333,353,Administration,2,2023-06-15,2,3,3,2,4,3,1,2,2,3,3,2,2,3,Unclear value
334,354,Sales,3,2023-06-15,4,4,4,4,4,3,3,4,3,3,5,3,2,4,None
335,355,Warehouse,1,2023-06-15,2,2,2,2,3,2,2,1,1,1,2,3,1,3,Data privacy
336,356,Warehouse,1,2023-06-15,1,1,1,1,2,1,1,1,1,1,1,1,1,1,Data privacy
337,357,Sales,3,2023-06-15,3,3,3,4,3,3,3,3,2,2,2,3,3,2,None
338,358,Sales,2,2023-06-15,4,3,3,3,3,3,3,4,3,3,4,2,2,3,Skill gap
339,359,Warehouse,1,2023-06-15,1,2,3,2,3,2,1,2,2,2,2,3,1,1,None
340,360,Customer Service,2,2023-06-15,2,3,3,2,5,2,2,3,3,3,2,3,2,1,Data privacy
341,361,Administration,2,2023-06-15,3,1,1,3,2,1,2,2,1,2,2,3,1,2,Time pressure
342,362,Sales,3,2023-06-15,3,3,3,4,4,4,4,4,3,4,3,3,2,3,Trust in output
343,363,Administration,2,2023-06-15,2,3,2,4,3,2,2,3,2,3,3,2,1,2,Time pressure
344,364,Administration,2,2023-06-15,2,2,2,3,3,2,2,3,1,3,2,1,2,1,Data privacy
345,365,Human Resources,3,2023-06-15,4,2,3,4,3,4,3,3,3,4,4,3,1,2,Data privacy
346,366,Accounting,3,2023-06-15,4,3,4,4,4,4,4,4,3,3,4,4,2,2,Trust in output
347,367,Warehouse,1,2023-06-15,1,1,1,1,3,1,1,2,2,2,3,1,1,1,Time pressure
348,368,Administration,1,2023-06-15,2,1,2,2,2,1,1,2,2,1,1,1,1,2,Trust in output
349,369,Accounting,3,2023-06-15,3,3,2,3,3,4,2,3,2,2,2,2,1,2,Skill gap
350,370,Sales,2,2023-06-15,3,2,2,3,3,2,2,3,2,2,3,1,1,2,None
351,371,Customer Service,2,2023-06-15,2,1,1,2,3,4,3,2,2,2,3,2,2,2,Skill gap
352,372,Administration,1,2023-06-15,2,3,2,2,3,2,1,2,2,2,3,1,1,3,Data privacy
353,373,Administration,2,2023-06-15,3,2,3,4,4,3,3,3,3,2,4,3,2,1,Unclear value
354,374,Customer Service,2,2023-06-15,3,2,3,2,3,3,3,2,2,3,2,4,2,2,Unclear value
355,375,Accounting,3,2023-06-15,3,3,2,3,3,3,4,3,3,4,3,2,2,3,Time pressure
356,376,Human Resources,3,2023-06-15,3,4,2,3,4,3,3,3,3,2,3,3,3,2,Time pressure
357,377,Human Resources,3,2023-06-15,4,5,5,5,5,4,5,5,5,5,5,5,4,5,Skill gap
358,378,Accounting,3,2023-06-15,3,3,3,4,5,4,4,4,3,4,3,3,3,2,None
359,379,Sales,3,2023-06-15,5,4,4,4,4,3,3,3,4,3,4,3,1,4,None
360,380,Customer Service,2,2023-06-15,2,1,3,3,2,2,1,3,2,1,1,2,3,1,Trust in output
361,381,Sales,2,2023-06-15,4,4,3,3,4,3,3,4,3,4,3,2,1,2,Time pressure
362,382,Accounting,3,2023-06-15,4,3,4,4,4,3,3,4,3,3,4,2,2,2,Time pressure
363,384,Sales,3,2023-06-15,3,2,3,2,4,3,4,4,3,4,4,2,1,3,Trust in output
364,385,Warehouse,3,2023-06-15,2,2,2,3,4,2,3,2,1,3,1,2,1,2,Unclear value
365,386,Human Resources,3,2023-06-15,3,4,4,4,5,3,4,4,3,5,3,3,3,3,Time pressure
366,387,Accounting,2,2023-06-15,1,2,2,1,2,1,2,4,2,3,2,2,1,2,Skill gap
367,388,Human Resources,3,2023-06-15,2,2,2,3,2,2,2,2,3,3,2,2,4,1,Time pressure
368,389,Human Resources,3,2023-06-15,3,3,4,3,4,5,2,4,3,4,3,3,3,2,Skill gap
369,390,Customer Service,2,2023-06-15,2,1,2,2,2,3,2,3,2,2,2,1,1,1,Skill gap
370,391,Sales,2,2023-06-15,2,2,1,2,4,3,2,3,2,3,1,1,2,1,Skill gap
371,392,Customer Service,2,2023-06-15,2,1,1,2,2,3,2,1,3,1,2,1,1,1,Data privacy
372,393,Accounting,2,2023-06-15,3,3,3,4,5,3,4,4,4,3,3,4,2,3,Skill gap
373,394,Customer Service,2,2023-06-15,3,2,3,3,4,3,2,2,2,3,2,3,3,3,Data privacy
374,395,Human Resources,3,2023-06-15,4,3,3,4,4,4,3,3,3,5,3,2,3,3,Time pressure
375,396,Human Resources,3,2023-06-15,2,3,3,5,4,3,3,3,4,2,3,2,3,2,Unclear value
376,397,Warehouse,1,2023-06-15,2,2,2,3,2,2,1,3,1,1,2,1,1,2,Data privacy
377,398,Warehouse,1,2023-06-15,1,1,2,1,2,2,2,1,1,1,1,3,1,1,Time pressure
378,399,Customer Service,2,2023-06-15,4,3,4,4,5,3,2,3,4,4,4,2,2,3,Skill gap
379,400,Administration,2,2023-06-15,3,2,2,3,4,2,1,2,2,2,4,1,2,2,Skill gap
380,401,Warehouse,1,2023-06-15,3,3,2,3,3,2,3,3,4,3,3,3,2,1,None
381,402,Human Resources,3,2023-06-15,3,4,4,2,3,3,4,4,3,4,2,3,2,2,Unclear value
382,403,Warehouse,1,2023-06-15,2,1,1,3,2,1,1,2,1,1,1,1,1,1,Time pressure
383,404,Sales,2,2023-06-15,3,3,4,3,4,3,3,3,2,2,3,2,2,1,Skill gap
384,405,Warehouse,3,2023-06-15,2,3,4,3,5,5,5,5,3,4,4,3,2,4,Skill gap
385,406,Warehouse,3,2023-06-15,2,2,3,2,3,3,2,3,2,2,3,2,2,2,Skill gap
386,407,Customer Service,2,2023-06-15,3,3,2,2,3,2,2,3,1,3,3,3,1,1,Trust in output
387,408,Warehouse,3,2023-06-15,1,2,2,2,3,2,2,2,2,3,1,1,1,1,Skill gap
388,409,Accounting,3,2023-06-15,3,2,3,4,3,2,3,3,2,2,3,3,2,3,Skill gap
389,410,Customer Service,2,2023-06-15,2,2,2,2,3,3,2,2,3,2,3,2,1,2,Data privacy
390,411,Administration,1,2023-06-15,2,3,1,2,3,1,2,2,2,2,1,1,1,1,None
391,412,Sales,2,2023-06-15,2,2,2,3,3,1,2,2,2,4,2,1,2,1,Skill gap
392,414,Administration,1,2023-06-15,3,3,2,3,4,2,3,2,2,2,2,3,3,2,Skill gap
393,415,Human Resources,3,2023-06-15,3,1,3,2,3,2,3,3,1,3,3,2,1,1,Data privacy
394,417,Human Resources,3,2023-06-15,4,3,2,4,4,3,4,4,4,4,3,3,1,3,Unclear value
395,418,Customer Service,2,2023-06-15,3,4,3,3,4,3,3,4,2,3,4,3,1,2,Unclear value
396,420,Sales,3,2023-06-15,3,2,3,3,4,2,2,3,3,3,2,3,2,2,Unclear value
397,421,Customer Service,2,2023-06-15,3,3,3,3,4,3,3,3,3,2,1,2,1,3,Unclear value
398,422,Sales,2,2023-06-15,3,3,4,2,4,3,4,3,3,3,3,3,2,3,Skill gap
399,423,Customer Service,2,2023-06-15,2,1,1,2,4,1,2,1,3,2,2,2,3,2,Skill gap
400,424,Warehouse,1,2023-06-15,2,2,2,3,3,1,2,3,2,2,3,2,2,2,None
401,425,Human Resources,3,2023-06-15,2,3,3,2,3,3,2,3,2,3,3,1,2,2,Trust in output
402,426,Accounting,3,2023-06-15,4,4,3,4,3,3,4,4,3,2,2,3,4,2,Time pressure
403,427,Human Resources,3,2023-06-15,4,4,3,3,3,4,3,4,3,2,3,3,2,3,Skill gap
404,428,Administration,2,2023-06-15,3,2,2,3,3,3,2,4,3,2,2,2,3,1,Unclear value
405,429,Administration,1,2023-06-15,2,3,1,3,3,2,2,3,2,3,2,1,1,3,Trust in output
406,431,Sales,3,2023-06-15,2,2,3,3,3,2,2,3,1,3,2,2,2,1,Time pressure
407,432,Sales,3,2023-06-15,4,4,3,3,4,4,3,4,2,3,4,4,1,1,Unclear value
408,433,Human Resources,3,2023-06-15,3,3,4,2,4,3,3,3,2,1,3,3,1,3,Trust in output
409,434,Sales,2,2023-06-15,3,3,2,4,2,3,2,3,3,3,4,3,3,1,Time pressure
410,435,Customer Service,2,2023-06-15,4,3,3,2,4,3,1,3,2,3,4,4,2,2,Trust in output
411,436,Accounting,3,2023-06-15,3,4,4,3,3,3,4,3,4,4,4,3,3,3,Time pressure
412,437,Accounting,2,2023-06-15,4,3,3,4,4,4,4,3,3,3,3,3,2,3,Unclear value
413,438,Sales,3,2023-06-15,3,4,3,4,5,5,5,4,3,5,5,3,3,1,None
414,439,Sales,2,2023-06-15,2,3,2,2,2,4,3,2,3,2,2,2,2,2,Time pressure
415,440,Administration,1,2023-06-15,2,3,1,2,4,2,2,2,2,1,1,1,1,1,Data privacy
416,441,Human Resources,3,2023-06-15,1,3,3,3,3,3,3,2,2,2,4,1,1,1,None
417,442,Warehouse,1,2023-06-15,2,1,1,2,3,2,2,2,1,1,2,2,1,1,Trust in output
418,443,Accounting,2,2023-06-15,3,2,1,2,4,3,3,2,3,3,3,2,2,2,Data privacy
419,444,Administration,2,2023-06-15,2,2,2,2,2,3,2,4,2,2,3,1,3,3,Trust in output
420,445,Administration,2,2023-06-15,2,2,2,3,3,3,1,3,1,2,1,4,1,3,Data privacy
421,446,Administration,1,2023-06-15,3,2,2,2,3,3,1,3,4,2,3,1,1,2,Unclear value
422,447,Customer Service,2,2023-06-15,4,3,3,4,4,4,3,5,4,3,3,3,3,5,None
423,448,Warehouse,1,2023-06-15,2,2,2,1,2,2,2,2,1,1,2,2,1,1,Trust in output
424,449,Warehouse,1,2023-06-15,2,1,1,1,2,2,2,2,1,1,1,1,2,1,Unclear value
425,450,Customer Service,2,2023-06-15,2,2,2,2,3,1,1,2,2,2,2,3,1,1,Skill gap
426,451,Administration,1,2023-06-15,2,2,2,2,3,3,3,3,2,2,1,3,1,2,Data privacy
427,452,Accounting,3,2023-06-15,3,2,3,3,5,3,3,3,4,4,3,3,3,3,Unclear value
428,453,Customer Service,2,2023-06-15,3,3,2,2,4,3,2,3,3,2,1,1,1,3,None
429,454,Customer Service,2,2023-06-15,1,1,1,3,2,3,3,3,2,2,2,2,1,1,None
430,455,Customer Service,2,2023-06-15,3,2,2,3,4,2,3,2,2,3,1,2,2,2,None
431,457,Accounting,3,2023-06-15,4,4,4,4,4,4,4,4,4,4,5,4,2,5,None
432,458,Sales,2,2023-06-15,3,3,4,4,4,4,3,2,4,4,4,4,2,3,Time pressure
433,459,Administration,1,2023-06-15,2,2,2,2,2,1,2,2,1,2,1,2,1,1,Unclear value
434,460,Human Resources,3,2023-06-15,3,3,3,3,4,3,4,4,4,2,3,3,1,1,Skill gap
435,461,Human Resources,3,2023-06-15,2,3,3,3,2,2,3,3,2,3,2,2,2,3,Trust in output
436,462,Administration,1,2023-06-15,1,2,1,1,1,2,2,3,3,1,2,1,1,1,Data privacy
437,463,Human Resources,3,2023-06-15,2,2,3,2,4,3,3,3,3,4,3,5,3,3,Skill gap
438,464,Accounting,3,2023-06-15,5,3,4,5,5,5,3,5,3,5,4,3,3,4,Data privacy
439,465,Warehouse,3,2023-06-15,2,2,1,1,2,2,2,4,2,1,2,1,1,2,Skill gap
440,466,Warehouse,3,2023-06-15,3,1,2,3,4,2,2,3,2,2,2,1,2,1,None
441,467,Customer Service,2,2023-06-15,3,1,1,1,3,2,2,2,2,2,1,2,1,3,Skill gap
442,468,Warehouse,3,2023-06-15,1,2,3,3,3,4,1,2,1,1,2,1,1,1,Skill gap
443,469,Customer Service,2,2023-06-15,3,2,2,3,4,2,1,3,3,3,2,3,3,2,Skill gap
444,470,Human Resources,3,2023-06-15,4,4,3,4,4,4,4,4,4,4,4,3,3,2,Time pressure
445,471,Warehouse,3,2023-06-15,2,4,2,3,3,3,3,1,2,2,2,1,1,2,Trust in output
446,472,Sales,3,2023-06-15,3,3,3,2,3,3,3,4,3,3,3,3,2,2,Time pressure
447,473,Warehouse,3,2023-06-15,3,2,1,3,3,3,3,2,3,3,3,2,4,3,Data privacy
448,474,Warehouse,3,2023-06-15,2,2,1,3,3,2,3,3,2,2,2,3,1,1,Skill gap
449,475,Accounting,2,2023-06-15,3,3,2,3,3,3,3,4,2,3,4,3,2,3,Time pressure
450,476,Customer Service,2,2023-06-15,3,3,3,3,4,4,4,4,3,4,4,2,3,1,Unclear value
451,477,Warehouse,1,2023-06-15,2,1,1,2,3,2,2,1,1,1,1,2,1,1,Data privacy
452,478,Sales,2,2023-06-15,2,3,3,3,5,3,4,4,3,2,4,3,2,1,Trust in output
453,479,Sales,2,2023-06-15,3,2,3,2,5,3,3,4,3,2,3,2,2,2,None
454,480,Accounting,3,2023-06-15,4,3,4,4,5,3,2,4,4,5,5,3,2,3,Skill gap
455,481,Warehouse,3,2023-06-15,3,3,2,3,4,2,3,2,2,2,2,2,2,4,Skill gap
456,482,Customer Service,2,2023-06-15,2,1,1,1,2,3,2,2,3,1,2,1,1,1,Skill gap
457,483,Sales,3,2023-06-15,3,3,3,2,3,3,2,3,3,3,3,2,3,1,Skill gap
458,484,Administration,2,2023-06-15,3,1,1,2,2,2,2,2,3,2,2,1,2,2,Trust in output
459,485,Human Resources,3,2023-06-15,3,3,3,3,4,4,3,2,2,3,3,3,1,3,Skill gap
460,486,Human Resources,3,2023-06-15,3,2,2,3,3,3,4,3,2,2,3,1,1,2,Skill gap
461,487,Administration,2,2023-06-15,2,1,2,3,3,2,2,3,3,3,3,1,3,2,Skill gap
462,488,Sales,2,2023-06-15,4,3,4,4,4,3,3,2,3,3,3,3,1,2,Trust in output
463,489,Sales,3,2023-06-15,4,4,4,5,5,4,5,4,3,5,4,2,4,3,Time pressure
464,490,Warehouse,3,2023-06-15,2,3,2,3,3,3,3,2,2,4,3,2,3,3,None
465,491,Sales,2,2023-06-15,2,2,3,2,2,3,1,3,2,1,3,2,1,2,Unclear value
466,492,Sales,2,2023-06-15,2,2,3,2,4,3,2,3,3,2,3,2,2,4,Skill gap
467,493,Accounting,3,2023-06-15,4,3,3,4,4,4,4,2,4,5,3,4,4,3,Skill gap
468,494,Human Resources,3,2023-06-15,3,3,3,3,4,3,2,2,3,3,2,1,1,3,Unclear value
469,495,Administration,2,2023-06-15,2,2,1,3,2,2,2,3,2,2,2,3,3,1,Skill gap
470,496,Accounting,2,2023-06-15,3,3,3,1,4,4,3,3,2,3,3,2,2,1,None
471,497,Sales,3,2023-06-15,2,3,3,3,4,3,3,3,2,3,3,3,2,1,Data privacy
472,498,Accounting,2,2023-06-15,3,3,3,1,3,2,3,2,2,1,4,1,2,1,Trust in output
473,499,Warehouse,1,2023-06-15,3,2,1,1,3,1,1,1,2,2,4,2,1,1,Time pressure
